id,name,paid,isFiliated,state,date
1,Funny Neumann,Não-binário,642.10,True,RS,22-02-2020
2,Zealous Jennings,Masculino,736.58,False,SE,06-04-2023
3,Keen Easley,Masculino,839.46,True,CE,25-04-2021
4,Jolly Blackburn,Feminino,611.34,False,SC,24-10-2024
5,Objective Liskov,Feminino,835.64,True,GO,16-09-2021
6,Musing Newton,Masculino,711.33,False,MA,15-08-2023
7,Jolly Black,Não-binário,278.92,False,MA,29-11-2024
8,Awesome Edison,Feminino,976.20,True,ES,13-06-2021
9,Upbeat Ganguly,Masculino,223.63,False,RJ,22-08-2023
10,Upbeat Mirzakhani,Feminino,290.89,True,TO,15-12-2020
11,Intelligent Lichterman,Masculino,854.82,False,MG,29-08-2021
12,Boring Rubin,Masculino,634.54,True,AM,13-04-2023
13,Vibrant Shaw,Masculino,617.56,False,PB,27-10-2022
14,Affectionate Kapitsa,Não-binário,837.29,True,MA,03-10-2023
15,Festive Lamarr,Masculino,592.13,True,RJ,14-02-2020
16,Priceless Noether,Feminino,346.67,True,SC,11-11-2024
17,Brave Bohr,Masculino,763.67,True,ES,03-02-2023
18,Loving Sinoussi,Masculino,655.68,True,PE,08-04-2023
19,Zen Noether,Não-binário,962.47,True,GO,13-01-2021
20,Adoring Hamilton,Masculino,597.50,True,GO,25-08-2022
21,Angry Satoshi,Feminino,805.60,True,MS,03-12-2024
22,Peaceful Ritchie,Masculino,230.89,False,MG,07-02-2022
23,Objective Archimedes,Masculino,509.57,True,RN,19-11-2020
24,Friendly Saha,Masculino,529.01,False,PA,08-05-2024
25,Charming Matsumoto,Não-binário,172.01,True,AP,21-07-2020
26,Epic Khayyam,Feminino,776.69,False,PI,02-09-2023
27,Fervent Faraday,Masculino,818.99,True,MG,29-04-2020
28,Relaxed Blackburn,Feminino,266.03,True,RO,08-06-2021
29,Upbeat Hypatia,Feminino,117.16,False,AM,09-09-2024
30,Practical Sinoussi,Não-binário,505.55,True,MA,19-05-2021
31,Determined Tu,Feminino,421.81,True,AP,23-12-2024
32,Angry Tu,Não-binário,437.04,True,PE,04-06-2022
33,Tender Babbage,Não-binário,962.92,False,MT,11-11-2021
34,Elastic Lalande,Feminino,530.38,False,MS,16-01-2021
35,Flamboyant Feynman,Feminino,997.89,False,AL,01-04-2021
36,Epic Herschel,Não-binário,669.41,False,AC,18-05-2022
37,Heuristic Bassi,Masculino,92.98,True,AC,25-07-2021
38,Elastic Leakey,Feminino,611.24,True,TO,17-04-2021
39,Musing Wu,Feminino,604.71,True,PI,06-09-2023
40,Condescending Maxwell,Masculino,723.30,True,PE,21-05-2020
41,Zealous Brahmagupta,Feminino,497.16,True,AM,02-03-2020
42,Hardcore Feistel,Masculino,669.72,False,RS,18-11-2024
43,Crazy Bouman,Masculino,851.01,False,RS,01-07-2024
44,Ecstatic Bohr,Masculino,843.09,False,PI,17-05-2021
45,Interesting Goldstine,Feminino,566.75,False,PR,26-04-2021
46,Unruffled Hertz,Masculino,459.78,True,AL,28-09-2023
47,Reverent Proskuriakova,Masculino,962.15,False,CE,08-06-2022
48,Compassionate Torvalds,Masculino,823.08,True,BA,26-04-2023
49,Competent Kare,Não-binário,5.80,False,MS,12-01-2022
50,Frosty Bardeen,Feminino,305.90,False,MA,09-10-2020
51,Zealous Haslett,Não-binário,69.43,True,MG,08-11-2021
52,Happy Leavitt,Feminino,494.09,True,RN,14-10-2021
53,Hopeful Feistel,Feminino,301.37,True,MS,03-06-2020
54,Awesome Johnson,Feminino,534.49,True,MT,21-03-2022
55,Tender Matsumoto,Não-binário,83.21,True,GO,10-07-2020
56,Quirky Shaw,Não-binário,906.10,True,PI,13-10-2022
57,Tender Mclaren,Masculino,196.24,True,SP,04-03-2023
58,Stoic Shaw,Masculino,346.06,False,MT,14-03-2023
59,Heuristic Robinson,Masculino,742.56,False,MG,22-08-2023
60,Dazzling Khorana,Feminino,772.89,False,AC,13-01-2021
61,Busy Goldberg,Não-binário,477.25,False,CE,28-07-2021
62,Thirsty Nobel,Feminino,545.56,True,DF,17-01-2024
63,Compassionate Mccarthy,Não-binário,361.67,True,AP,16-12-2023
64,Pedantic Buck,Feminino,126.91,False,PI,25-01-2023
65,Crazy Gauss,Masculino,984.20,True,PE,30-09-2020
66,Festive Gauss,Masculino,412.73,True,PA,21-05-2020
67,Nice Hopper,Feminino,160.74,True,MG,28-01-2021
68,Vigilant Brahmagupta,Feminino,277.70,True,RN,26-02-2020
69,Loving Turing,Feminino,333.49,False,RN,23-03-2020
70,Compassionate Kalam,Masculino,3.44,True,CE,20-08-2023
71,Suspicious Liskov,Não-binário,723.52,True,PE,05-06-2022
72,Upbeat Chatterjee,Feminino,220.53,False,AP,20-03-2022
73,Peaceful Meninsky,Não-binário,681.70,False,AM,18-06-2024
74,Loving Wright,Feminino,945.29,False,RJ,02-07-2021
75,Crazy Ellis,Não-binário,587.83,False,PA,31-12-2021
76,Romantic Merkle,Feminino,359.23,False,RS,18-05-2023
77,Tender Franklin,Não-binário,963.61,False,GO,14-08-2024
78,Cool Shockley,Feminino,492.70,False,SC,07-03-2020
79,Trusting Dubinsky,Masculino,966.19,False,AM,16-07-2020
80,Pensive Rubin,Feminino,884.25,False,SE,29-11-2023
81,Boring Darwin,Não-binário,843.34,False,AM,26-12-2021
82,Great Cerf,Masculino,945.30,True,SP,01-06-2023
83,Nice Gauss,Não-binário,100.77,True,MA,18-05-2020
84,Happy Shamir,Masculino,979.36,True,RJ,28-12-2020
85,Nifty Lichterman,Feminino,201.50,False,PI,30-03-2020
86,Zen Ramanujan,Feminino,431.22,False,PI,15-09-2022
87,Charming Wright,Feminino,873.02,True,BA,02-06-2022
88,Recursing Lamport,Feminino,931.72,False,RN,03-01-2023
89,Vibrant Feistel,Feminino,517.34,False,AC,11-07-2023
90,Friendly Leakey,Masculino,418.73,False,RS,23-10-2022
91,Nervous Noether,Masculino,730.85,True,PB,16-11-2020
92,Admiring Williamson,Masculino,450.41,True,RO,09-03-2020
93,Kind Ardinghelli,Não-binário,917.50,True,CE,19-07-2020
94,Stoic Engelbart,Não-binário,899.29,False,PI,09-09-2023
95,Zealous Perlman,Não-binário,715.59,False,AP,22-12-2020
96,Optimistic Kowalevski,Feminino,536.94,True,MA,10-12-2021
97,Laughing Tereshkova,Masculino,777.53,False,TO,28-04-2024
98,Youthful Ramanujan,Masculino,130.99,False,SE,14-01-2021
99,Sad Pare,Feminino,507.09,True,PB,04-09-2022
100,Jovial Moser,Feminino,241.46,False,MS,22-12-2024
101,Relaxed Curie,Masculino,54.28,True,AL,12-11-2021
102,Beautiful Dirac,Masculino,429.55,False,AM,20-01-2020
103,Beautiful Chebyshev,Não-binário,275.17,True,PE,27-05-2022
104,Jovial Ritchie,Masculino,980.47,True,PA,08-11-2024
105,Awesome Diffie,Masculino,647.13,True,PA,30-07-2024
106,Sad Jemison,Não-binário,20.96,True,RR,15-06-2021
107,Strange Sammet,Masculino,590.35,False,PB,30-06-2024
108,Amazing Wu,Masculino,203.66,True,SE,14-08-2024
109,Exciting Saha,Masculino,240.76,False,DF,07-08-2021
110,Recursing Gould,Não-binário,339.85,False,AP,21-06-2022
111,Unruffled Chandrasekhar,Masculino,923.08,False,RN,10-08-2021
112,Recursing Jones,Feminino,703.91,True,SP,06-12-2020
113,Frosty Merkle,Masculino,916.60,False,AC,01-04-2022
114,Heuristic Booth,Não-binário,911.00,True,GO,26-01-2023
115,Suspicious Aryabhata,Masculino,273.69,False,RN,25-05-2024
116,Serene Rubin,Masculino,849.42,False,MT,16-06-2021
117,Frosty Tereshkova,Não-binário,596.38,True,RN,10-10-2023
118,Reverent Bardeen,Não-binário,447.75,True,DF,14-01-2024
119,Magical Almeida,Masculino,867.31,True,CE,11-03-2024
120,Objective Napier,Masculino,220.90,True,CE,07-03-2024
121,Compassionate Engelbart,Masculino,88.78,True,RJ,16-01-2022
122,Sharp Wu,Masculino,553.48,True,AC,26-05-2024
123,Naughty Poincare,Masculino,619.30,True,RN,17-04-2021
124,Eloquent Jang,Não-binário,824.62,True,RN,18-07-2022
125,Hardcore Meninsky,Masculino,929.11,True,TO,07-03-2020
126,Wonderful Engelbart,Não-binário,662.43,True,SP,27-08-2022
127,Pensive Keller,Não-binário,673.39,True,SP,19-01-2024
128,Quizzical Elgamal,Feminino,496.88,False,SP,26-06-2021
129,Hardcore Williams,Masculino,283.29,True,RR,25-02-2020
130,Stupefied Borg,Não-binário,470.89,False,PE,13-01-2022
131,Compassionate Booth,Masculino,246.41,False,SP,02-10-2024
132,Bold Jennings,Masculino,542.06,True,ES,06-04-2021
133,Fervent Bhabha,Feminino,415.02,False,SC,08-12-2021
134,Vigilant Carson,Masculino,44.38,False,MS,31-05-2024
135,Competent Rhodes,Feminino,910.28,True,RN,17-09-2020
136,Sweet Shaw,Masculino,313.29,False,SP,29-04-2022
137,Agitated Mirzakhani,Masculino,49.20,False,MA,11-09-2022
138,Jolly Thompson,Feminino,782.71,True,SE,27-11-2023
139,Upbeat Dhawan,Masculino,97.08,False,MA,20-09-2024
140,Xenodochial Bose,Masculino,726.79,False,CE,15-04-2023
141,Crazy Wescoff,Não-binário,48.52,True,PB,21-07-2021
142,Infallible Mclean,Não-binário,993.62,False,ES,22-07-2024
143,Nervous Newton,Feminino,649.64,False,ES,03-05-2020
144,Inspiring Raman,Masculino,711.10,False,DF,15-06-2023
145,Clever Hawking,Masculino,28.80,False,RR,26-12-2020
146,Pedantic Khayyam,Masculino,120.55,True,PI,29-06-2023
147,Serene Raman,Masculino,521.07,False,RJ,16-11-2023
148,Objective Nightingale,Não-binário,427.74,True,MS,31-12-2021
149,Unruffled Bartik,Masculino,216.00,True,MT,09-01-2024
150,Epic Montalcini,Feminino,982.21,True,AP,29-12-2022
151,Upbeat Mayer,Não-binário,86.08,True,AP,17-10-2024
152,Priceless Cray,Não-binário,570.91,False,AP,06-12-2024
153,Condescending Mestorf,Feminino,273.80,True,SC,01-11-2021
154,Adoring Ganguly,Não-binário,104.35,False,PR,26-09-2023
155,Festive Elgamal,Não-binário,953.29,False,MT,04-02-2021
156,Eloquent Wiles,Não-binário,254.98,False,MT,19-01-2022
157,Charming Haibt,Não-binário,424.79,False,ES,09-08-2023
158,Vibrant Greider,Masculino,899.84,False,PI,09-07-2024
159,Strange Merkle,Feminino,449.48,False,PI,07-06-2021
160,Nice Lewin,Masculino,111.35,False,ES,19-08-2023
161,Thirsty Banach,Feminino,446.03,False,TO,02-12-2021
162,Serene Ishizaka,Não-binário,583.94,True,AL,21-12-2021
163,Optimistic Einstein,Masculino,553.61,True,MA,14-11-2022
164,Adoring Matsumoto,Não-binário,232.98,True,MS,26-06-2024
165,Friendly Mclean,Feminino,144.13,True,BA,28-07-2021
166,Cool Moser,Masculino,659.20,False,AP,24-01-2020
167,Funny Mayer,Não-binário,481.11,False,AM,18-09-2022
168,Priceless Nightingale,Feminino,11.18,False,MT,24-04-2020
169,Strange Elbakyan,Masculino,854.70,True,DF,24-06-2022
170,Jolly Jepsen,Masculino,433.73,True,AC,07-09-2021
171,Gallant Antonelli,Masculino,895.10,True,RO,07-06-2021
172,Vigorous Dubinsky,Feminino,456.84,True,MS,18-09-2023
173,Epic Meitner,Não-binário,954.72,False,CE,18-09-2020
174,Zealous Knuth,Não-binário,247.16,False,SC,29-11-2021
175,Objective Cerf,Não-binário,644.22,True,RN,06-08-2022
176,Practical Pare,Masculino,146.20,True,GO,15-11-2021
177,Nostalgic Hugle,Não-binário,785.38,True,PE,05-03-2021
178,Suspicious Archimedes,Não-binário,896.71,True,BA,10-02-2023
179,Nostalgic Visvesvaraya,Feminino,298.23,False,SC,23-07-2021
180,Silly Bassi,Não-binário,223.25,False,RO,18-05-2021
181,Strange Gauss,Não-binário,331.37,False,AL,29-12-2020
182,Intelligent Hellman,Não-binário,534.19,True,PI,14-05-2020
183,Quirky Bouman,Não-binário,537.13,True,GO,21-01-2021
184,Infallible Gagarin,Masculino,449.30,True,MS,13-01-2023
185,Zealous Murdock,Masculino,431.50,False,AC,27-09-2021
186,Awesome Stonebraker,Feminino,68.28,False,PE,01-08-2020
187,Fervent Volhard,Feminino,382.84,False,MA,04-07-2022
188,Trusting Kalam,Feminino,15.28,False,GO,04-07-2022
189,Trusting Einstein,Masculino,962.73,True,SC,24-02-2021
190,Jovial Ellis,Masculino,29.17,False,MS,05-04-2022
191,Funny Darwin,Masculino,567.83,False,PR,18-02-2022
192,Inspiring Mcclintock,Feminino,929.98,False,SP,05-07-2022
193,Great Tu,Não-binário,604.51,False,PE,13-11-2021
194,Amazing Hertz,Masculino,598.84,True,TO,29-11-2020
195,Modest Ritchie,Feminino,643.31,True,MT,07-01-2022
196,Modest Kepler,Masculino,913.46,False,SE,13-09-2022
197,Kind Hermann,Feminino,977.68,False,SE,28-06-2023
198,Angry Shockley,Não-binário,793.28,False,PE,03-09-2023
199,Blissful Hypatia,Não-binário,100.02,True,PB,14-11-2024
200,Quizzical Hertz,Não-binário,265.01,True,DF,03-11-2021
201,Great Galois,Não-binário,689.73,True,BA,15-12-2022
202,Goofy Borg,Feminino,124.02,False,RO,03-02-2023
203,Brave Banzai,Feminino,491.56,True,GO,22-05-2020
204,Sharp Hermann,Feminino,288.65,False,PB,26-07-2021
205,Nifty Nightingale,Não-binário,572.81,False,RS,17-05-2022
206,Nostalgic Bose,Masculino,962.00,False,SC,04-07-2021
207,Wizardly Archimedes,Masculino,868.05,False,RS,22-04-2024
208,Musing Hofstadter,Feminino,528.92,True,MS,19-04-2024
209,Agitated Black,Não-binário,499.53,False,AM,17-03-2020
210,Priceless Joliot,Masculino,731.98,False,PB,13-04-2021
211,Xenodochial Ramanujan,Masculino,115.74,True,GO,17-07-2020
212,Frosty Allen,Masculino,405.36,True,GO,26-12-2022
213,Festive Jepsen,Não-binário,551.10,False,RJ,04-04-2024
214,Lucid Chebyshev,Não-binário,964.18,False,MT,15-09-2022
215,Zen Hermann,Masculino,810.72,True,SE,11-07-2022
216,Nervous Khorana,Feminino,542.44,True,RN,01-05-2020
217,Jovial Margulis,Não-binário,455.69,False,RJ,11-01-2023
218,Stoic Solomon,Não-binário,65.59,True,PB,14-11-2020
219,Sleepy Davinci,Masculino,165.32,False,RS,26-02-2022
220,Peaceful Darwin,Masculino,368.52,True,RR,10-11-2020
221,Unruffled Goodall,Não-binário,922.14,False,RJ,07-03-2021
222,Nifty Euler,Masculino,337.21,True,AL,25-01-2024
223,Cool Lumiere,Masculino,589.79,True,PB,25-08-2021
224,Reverent Colden,Não-binário,316.60,False,RS,31-10-2020
225,Sleepy Payne,Não-binário,514.19,False,MG,06-07-2021
226,Pedantic Chatelet,Não-binário,363.27,False,MS,26-07-2020
227,Competent Lalande,Feminino,610.07,True,PB,02-06-2020
228,Blissful Cray,Masculino,350.72,True,DF,02-08-2024
229,Amazing Wiles,Não-binário,447.34,False,DF,14-07-2021
230,Interesting Snyder,Não-binário,679.85,False,RJ,28-07-2020
231,Compassionate Moser,Não-binário,695.14,False,PR,14-12-2020
232,Strange Tesla,Não-binário,393.38,True,BA,22-07-2024
233,Beautiful Golick,Masculino,214.02,True,SC,06-01-2020
234,Blissful Nightingale,Masculino,291.53,True,RR,03-05-2024
235,Heuristic Burnell,Feminino,479.56,False,PA,20-07-2024
236,Suspicious Germain,Feminino,425.77,True,PA,16-11-2023
237,Affectionate Booth,Masculino,281.08,False,AM,14-03-2020
238,Gallant Swirles,Não-binário,466.55,False,RR,22-07-2023
239,Romantic Stonebraker,Não-binário,431.21,True,GO,10-01-2021
240,Cool Goldberg,Não-binário,593.60,False,RR,28-12-2024
241,Gracious Euclid,Masculino,398.38,False,MG,12-09-2022
242,Affectionate Jennings,Feminino,370.14,False,SE,22-04-2024
243,Confident Jang,Não-binário,83.43,True,PI,11-08-2020
244,Gallant Lichterman,Feminino,676.79,False,MT,15-01-2023
245,Frosty Visvesvaraya,Masculino,91.14,False,MA,13-10-2024
246,Fervent Carson,Feminino,786.68,True,SC,04-04-2020
247,Charming Mahavira,Feminino,982.74,False,AC,05-03-2023
248,Peaceful Haslett,Não-binário,571.33,True,AC,27-12-2022
249,Loving Ramanujan,Não-binário,715.62,False,AP,25-07-2022
250,Boring Lovelace,Não-binário,244.12,False,MA,31-03-2020
251,Tender Kalam,Feminino,840.05,False,AC,04-06-2022
252,Mystifying Ganguly,Não-binário,315.05,True,GO,24-01-2024
253,Affectionate Ganguly,Não-binário,672.89,False,GO,24-02-2021
254,Goofy Dhawan,Não-binário,263.76,False,AC,02-08-2020
255,Recursing Clarke,Masculino,520.85,True,PB,10-01-2021
256,Amazing Noyce,Feminino,434.02,False,SE,17-05-2022
257,Inspiring Buck,Não-binário,890.66,True,PB,04-04-2021
258,Gifted Moore,Masculino,746.14,False,TO,03-06-2022
259,Silly Hawking,Masculino,708.48,False,PE,20-11-2024
260,Objective Fermat,Feminino,541.34,True,MS,09-10-2021
261,Eager Clarke,Masculino,505.91,False,MA,19-06-2022
262,Kind Newton,Feminino,493.90,False,SP,28-05-2020
263,Modest Ishizaka,Masculino,220.00,False,RS,17-11-2020
264,Brave Wilson,Não-binário,871.87,True,CE,16-09-2022
265,Practical Yonath,Feminino,726.02,True,ES,02-12-2020
266,Elastic Boyd,Não-binário,540.41,False,AC,12-08-2021
267,Vigorous Lalande,Masculino,35.29,False,CE,12-03-2020
268,Condescending Bohr,Feminino,566.89,False,DF,18-07-2021
269,Fervent Bardeen,Masculino,528.23,True,AP,20-09-2020
270,Recursing Euler,Feminino,728.20,False,PA,25-10-2021
271,Cranky Einstein,Não-binário,237.58,False,PA,14-02-2021
272,Optimistic Yalow,Feminino,521.49,False,SC,17-11-2020
273,Crazy Blackwell,Masculino,119.47,False,SE,13-02-2021
274,Zen Meitner,Não-binário,768.43,False,PI,11-07-2024
275,Infallible Lehmann,Feminino,38.55,False,RJ,01-08-2022
276,Jovial Mendeleev,Masculino,294.15,True,AL,22-07-2020
277,Peaceful Elbakyan,Masculino,489.64,True,MA,19-05-2021
278,Busy Fermi,Feminino,546.78,False,PI,05-07-2021
279,Busy Leakey,Não-binário,202.93,False,MG,24-09-2022
280,Adoring Kalam,Feminino,543.59,True,TO,22-02-2020
281,Thirsty Taussig,Feminino,538.34,False,PE,17-06-2021
282,Happy Shamir,Feminino,571.16,True,AC,12-09-2024
283,Jovial Cray,Masculino,853.28,False,AC,04-02-2021
284,Wonderful Meitner,Não-binário,238.24,False,AM,02-08-2021
285,Loving Sanderson,Feminino,908.04,True,PA,04-01-2024
286,Exciting Hodgkin,Masculino,677.46,True,SE,06-07-2022
287,Amazing Jennings,Feminino,624.66,False,ES,20-06-2021
288,Keen Kowalevski,Não-binário,621.98,False,BA,15-03-2023
289,Blissful Curie,Masculino,382.12,False,RJ,22-07-2023
290,Nostalgic Hodgkin,Masculino,945.82,True,BA,11-02-2022
291,Happy Wescoff,Masculino,282.05,True,MT,02-01-2020
292,Vibrant Albattani,Masculino,992.54,False,AP,04-03-2020
293,Epic Buck,Masculino,101.22,False,AM,05-03-2023
294,Silly Northcutt,Feminino,262.95,True,RJ,29-07-2020
295,Blissful Tharp,Masculino,626.52,True,AM,26-09-2020
296,Cool Davinci,Não-binário,439.85,False,TO,25-12-2020
297,Busy Moore,Não-binário,202.89,True,RN,20-09-2024
298,Agitated Napier,Masculino,808.50,False,AC,29-08-2024
299,Lucid Borg,Masculino,828.90,False,SP,02-05-2020
300,Angry Einstein,Masculino,18.70,True,RN,20-05-2023
301,Brave Wilbur,Feminino,598.26,True,MG,09-05-2020
302,Silly Chaum,Não-binário,243.17,False,CE,14-01-2020
303,Pedantic Bhabha,Masculino,174.06,False,RS,22-09-2024
304,Lucid Taussig,Masculino,641.06,False,RS,04-09-2023
305,Confident Shirley,Não-binário,602.64,False,AM,05-01-2022
306,Jovial Bouman,Masculino,105.56,True,GO,20-02-2022
307,Upbeat Haibt,Feminino,321.18,False,GO,04-10-2022
308,Boring Jang,Não-binário,891.63,True,BA,27-11-2024
309,Elegant Zhukovsky,Não-binário,189.98,True,CE,17-05-2021
310,Goofy Wozniak,Não-binário,264.41,True,MG,13-08-2020
311,Vigilant Villani,Não-binário,504.55,False,TO,15-09-2022
312,Jovial Wozniak,Não-binário,433.21,True,MT,14-11-2024
313,Vibrant Haslett,Feminino,112.78,True,DF,16-11-2023
314,Fervent Nightingale,Masculino,113.77,False,GO,13-07-2022
315,Sad Brahmagupta,Não-binário,647.45,True,SC,01-02-2024
316,Eager Beaver,Feminino,914.80,False,RS,12-05-2023
317,Exciting Almeida,Não-binário,253.12,False,DF,13-06-2021
318,Sweet Leakey,Feminino,837.05,True,SC,13-06-2022
319,Clever Proskuriakova,Feminino,593.06,True,AM,28-07-2021
320,Nifty Cartwright,Não-binário,140.32,True,SP,12-12-2024
321,Condescending Dhawan,Masculino,381.55,False,MS,29-09-2023
322,Infallible Brown,Feminino,357.90,False,AC,27-12-2022
323,Cool Lalande,Não-binário,139.80,False,BA,25-05-2022
324,Practical Wright,Não-binário,565.17,True,TO,03-11-2022
325,Quizzical Mclean,Não-binário,772.60,True,SP,22-07-2021
326,Jolly Herschel,Feminino,918.43,False,AP,27-06-2023
327,Elastic Hawking,Masculino,316.65,True,AP,21-04-2022
328,Fervent Keller,Não-binário,473.53,True,AP,12-07-2020
329,Trusting Elbakyan,Masculino,959.13,False,SE,07-09-2020
330,Sharp Kilby,Feminino,821.97,False,RS,08-12-2020
331,Stupefied Kalam,Feminino,76.86,False,ES,09-01-2024
332,Nifty Pasteur,Feminino,347.70,True,AP,21-10-2020
333,Confident Banach,Feminino,476.65,True,AP,17-01-2022
334,Intelligent Leavitt,Masculino,75.00,True,MG,14-11-2022
335,Compassionate Ptolemy,Feminino,849.55,False,MA,07-03-2022
336,Confident Solomon,Masculino,619.58,True,PR,05-07-2020
337,Flamboyant Williams,Feminino,315.25,False,AC,17-07-2023
338,Cranky Merkle,Feminino,659.33,True,TO,11-04-2022
339,Happy Grothendieck,Feminino,356.59,True,RO,15-10-2022
340,Recursing Mcnulty,Masculino,284.43,True,MS,20-11-2022
341,Youthful Hamilton,Não-binário,144.75,False,MA,24-01-2020
342,Jovial Mestorf,Masculino,435.69,False,PI,06-01-2023
343,Sharp Williams,Masculino,431.09,False,RO,15-10-2024
344,Reverent Newton,Feminino,209.58,True,RR,03-05-2021
345,Pedantic Mclean,Masculino,504.48,False,MS,11-09-2021
346,Nice Brown,Feminino,668.24,False,PA,09-07-2022
347,Dreamy Bouman,Não-binário,967.73,True,CE,29-04-2020
348,Cranky Black,Não-binário,472.91,True,GO,09-09-2020
349,Stoic Austin,Masculino,904.09,False,TO,31-12-2023
350,Modest Ptolemy,Masculino,621.41,True,AP,20-10-2022
351,Thirsty Knuth,Feminino,155.71,True,CE,27-11-2020
352,Gracious Euler,Feminino,9.20,False,RO,07-02-2020
353,Agitated Solomon,Masculino,344.87,False,PB,11-11-2020
354,Vibrant Hodgkin,Masculino,155.76,False,PE,07-08-2022
355,Awesome Wright,Feminino,335.67,True,PE,01-02-2024
356,Xenodochial Yalow,Não-binário,41.07,True,MT,07-09-2021
357,Condescending Mendeleev,Não-binário,949.63,True,AC,23-10-2021
358,Hungry Elion,Não-binário,524.28,True,ES,25-12-2023
359,Angry Brown,Masculino,538.98,True,SP,03-08-2024
360,Epic Hawking,Feminino,166.82,True,SC,24-03-2024
361,Naughty Morse,Não-binário,602.16,True,GO,06-04-2024
362,Brave Tu,Masculino,103.56,False,RO,13-11-2023
363,Goofy Noyce,Não-binário,645.80,True,PA,04-02-2021
364,Optimistic Newton,Masculino,426.51,False,PA,31-05-2023
365,Pedantic Bhaskara,Não-binário,220.13,False,BA,20-02-2023
366,Jovial Nightingale,Feminino,684.55,False,ES,28-05-2022
367,Clever Chaplygin,Feminino,194.27,False,PB,13-03-2020
368,Stoic Antonelli,Não-binário,377.80,True,BA,19-07-2021
369,Adoring Lamport,Masculino,150.79,False,PB,27-03-2023
370,Brave Williamson,Masculino,501.60,True,TO,20-07-2022
371,Relaxed Carson,Masculino,270.15,False,RO,08-04-2022
372,Vigilant Keller,Não-binário,861.08,True,RN,10-06-2022
373,Laughing Haibt,Feminino,426.50,False,MA,10-08-2020
374,Great Curran,Masculino,533.50,False,GO,06-01-2020
375,Confident Easley,Não-binário,401.46,True,MG,02-01-2021
376,Bold Elion,Feminino,200.14,True,BA,06-04-2020
377,Modest Banach,Não-binário,156.76,False,MA,27-10-2020
378,Stoic Lalande,Feminino,533.99,False,PA,06-05-2021
379,Dazzling Johnson,Não-binário,733.14,False,RN,13-09-2020
380,Tender Babbage,Não-binário,160.25,False,GO,10-07-2024
381,Competent Bartik,Não-binário,350.98,True,GO,24-10-2023
382,Festive Dhawan,Feminino,847.57,True,RS,04-07-2021
383,Agitated Brattain,Masculino,775.75,True,AL,09-05-2021
384,Ecstatic Raman,Feminino,25.46,True,CE,06-04-2024
385,Strange Yonath,Não-binário,462.18,False,AC,01-01-2021
386,Suspicious Dhawan,Feminino,215.49,False,ES,04-04-2023
387,Jolly Northcutt,Não-binário,717.46,False,GO,22-11-2021
388,Tender Carson,Feminino,234.58,False,RO,01-03-2020
389,Jolly Mcnulty,Não-binário,959.29,False,PB,10-10-2024
390,Adoring Feistel,Feminino,920.03,True,SE,25-02-2020
391,Brave Galois,Feminino,2.25,True,TO,19-09-2022
392,Magical Faraday,Feminino,971.68,True,BA,12-12-2020
393,Charming Edison,Feminino,529.74,True,PR,09-01-2020
394,Mystifying Curie,Não-binário,190.81,True,ES,27-11-2022
395,Cool Merkle,Masculino,457.78,False,SP,17-04-2024
396,Jovial Kowalevski,Masculino,338.79,False,RR,06-08-2024
397,Loving Meitner,Não-binário,156.85,True,SP,28-11-2023
398,Confident Hawking,Feminino,47.97,False,PI,21-06-2021
399,Clever Turing,Não-binário,422.89,True,RJ,02-06-2020
400,Vigorous Dirac,Não-binário,134.76,True,MS,16-11-2022
401,Youthful Moore,Masculino,518.78,True,AP,14-11-2022
402,Crazy Brahmagupta,Não-binário,871.92,False,RS,14-04-2024
403,Heuristic Mahavira,Masculino,758.37,True,PB,16-12-2021
404,Romantic Hawking,Masculino,584.68,False,PA,10-10-2021
405,Ecstatic Pike,Masculino,962.87,False,MA,21-02-2023
406,Crazy Matsumoto,Feminino,52.51,True,PR,03-06-2024
407,Goofy Rubin,Feminino,758.24,True,BA,27-05-2023
408,Determined Hamilton,Não-binário,66.03,False,RN,22-04-2023
409,Pedantic Hertz,Feminino,804.04,False,PA,30-01-2020
410,Nice Hofstadter,Não-binário,671.66,True,PI,30-07-2022
411,Musing Kirch,Masculino,197.94,True,RR,10-12-2023
412,Kind Brattain,Masculino,342.72,True,PI,13-08-2022
413,Affectionate Hoover,Não-binário,605.78,False,AL,09-06-2020
414,Interesting Ardinghelli,Feminino,963.84,True,PI,10-05-2023
415,Quizzical Euclid,Feminino,156.62,True,MA,22-02-2022
416,Romantic Robinson,Feminino,189.15,True,PR,08-10-2024
417,Hopeful Lumiere,Masculino,807.96,True,RS,09-07-2020
418,Trusting Bartik,Masculino,816.26,False,RJ,09-04-2023
419,Wonderful Fermi,Não-binário,496.23,True,PA,28-10-2022
420,Stupefied Turing,Feminino,385.39,True,PE,21-11-2024
421,Recursing Gauss,Não-binário,860.82,True,DF,26-08-2020
422,Reverent Swirles,Não-binário,672.40,True,RJ,15-01-2023
423,Elated Lewin,Não-binário,46.61,False,MS,27-11-2024
424,Elegant Beaver,Feminino,586.68,False,MA,09-11-2024
425,Ecstatic Poitras,Masculino,60.32,True,AL,21-05-2023
426,Distracted Einstein,Feminino,713.11,False,AL,21-10-2022
427,Thirsty Hodgkin,Não-binário,701.45,False,RR,11-09-2021
428,Angry Dijkstra,Não-binário,114.87,False,CE,12-07-2023
429,Dreamy Goldberg,Masculino,399.21,False,MG,26-09-2023
430,Amazing Pare,Masculino,281.69,True,RJ,07-11-2024
431,Happy Archimedes,Masculino,206.27,False,RN,29-03-2023
432,Determined Darwin,Feminino,838.07,False,GO,27-06-2020
433,Eloquent Fermat,Não-binário,967.66,False,AL,03-07-2020
434,Gallant Jackson,Não-binário,226.27,True,RN,05-08-2020
435,Modest Black,Não-binário,98.98,False,MS,12-08-2022
436,Wizardly Chaum,Não-binário,575.83,True,PB,07-04-2024
437,Clever Yonath,Masculino,220.76,False,MS,21-05-2023
438,Focused Goldwasser,Feminino,660.33,True,BA,23-03-2024
439,Admiring Spence,Não-binário,42.02,True,AL,12-10-2023
440,Condescending Villani,Masculino,519.94,True,SE,02-06-2022
441,Priceless Yonath,Feminino,920.01,True,PB,04-03-2021
442,Fervent Poincare,Feminino,791.26,True,PA,25-02-2021
443,Reverent Grothendieck,Não-binário,711.24,True,RJ,18-10-2020
444,Interesting Snyder,Feminino,860.75,True,ES,01-09-2022
445,Interesting Allen,Masculino,577.81,False,AL,06-03-2024
446,Keen Bouman,Feminino,907.64,False,PB,19-09-2021
447,Mystifying Gates,Não-binário,351.94,True,PA,28-07-2020
448,Charming Liskov,Feminino,46.21,False,PE,30-08-2021
449,Recursing Curran,Masculino,90.00,False,CE,31-08-2020
450,Sad Haslett,Feminino,932.15,False,BA,26-09-2021
451,Thirsty Heisenberg,Feminino,116.38,True,MT,26-04-2023
452,Amazing Wright,Não-binário,618.27,False,PA,09-01-2021
453,Sleepy Proskuriakova,Feminino,123.35,True,RR,26-08-2022
454,Sad Mendeleev,Feminino,544.15,True,MA,30-11-2022
455,Cool Euclid,Masculino,691.00,True,RO,08-04-2021
456,Admiring Panini,Feminino,891.42,False,MA,29-04-2022
457,Youthful Torvalds,Não-binário,122.62,True,TO,07-08-2024
458,Stupefied Gates,Feminino,329.23,True,MT,05-09-2022
459,Priceless Driscoll,Masculino,947.81,False,AL,16-05-2024
460,Angry Ellis,Masculino,802.27,True,PR,20-12-2022
461,Magical Dirac,Masculino,153.40,True,SP,06-06-2024
462,Elated Ganguly,Não-binário,876.12,True,RJ,02-08-2021
463,Festive Cohen,Não-binário,394.40,False,PE,31-10-2021
464,Elated Tharp,Feminino,675.48,False,RN,27-06-2024
465,Awesome Hopper,Masculino,564.97,False,AM,29-11-2023
466,Competent Shockley,Masculino,333.12,False,PE,12-02-2024
467,Thirsty Nobel,Não-binário,219.15,False,AC,04-03-2024
468,Sweet Cartwright,Não-binário,908.18,True,SP,19-07-2022
469,Friendly Lamport,Masculino,229.23,True,PR,05-03-2022
470,Blissful Galileo,Não-binário,944.69,False,SC,31-08-2024
471,Exciting Cerf,Masculino,792.65,True,SE,13-07-2022
472,Loving Ganguly,Não-binário,577.88,False,DF,22-02-2020
473,Brave Roentgen,Feminino,53.35,True,CE,30-08-2020
474,Eager Elion,Masculino,630.21,False,PR,08-11-2022
475,Busy Ellis,Não-binário,102.19,True,AC,19-10-2020
476,Xenodochial Ride,Masculino,434.07,False,AC,02-08-2024
477,Sleepy Boyd,Não-binário,555.47,False,ES,15-07-2022
478,Stoic Galileo,Não-binário,498.34,True,AL,09-01-2022
479,Vibrant Wiles,Masculino,685.09,False,PI,14-04-2023
480,Cool Jones,Não-binário,849.63,False,RJ,05-05-2020
481,Blissful Carver,Feminino,259.18,False,PA,09-10-2022
482,Sweet Meitner,Masculino,207.42,False,AP,20-12-2022
483,Eloquent Murdock,Feminino,393.84,False,PR,30-03-2022
484,Nostalgic Moore,Não-binário,394.79,True,MA,25-04-2021
485,Elastic Elgamal,Masculino,363.27,True,DF,29-06-2020
486,Pedantic Euler,Não-binário,666.27,False,RO,14-02-2023
487,Practical Villani,Masculino,36.28,True,PA,27-01-2021
488,Angry Feistel,Não-binário,878.35,True,RO,28-12-2020
489,Blissful Grothendieck,Masculino,927.05,True,PR,01-05-2021
490,Peaceful Nash,Feminino,410.29,True,SP,07-03-2022
491,Nostalgic Kirch,Masculino,298.17,True,AC,07-06-2021
492,Quizzical Shannon,Não-binário,591.81,True,PE,17-12-2020
493,Nice Shirley,Masculino,986.91,True,RS,04-04-2021
494,Wizardly Tereshkova,Masculino,281.62,False,MG,26-02-2023
495,Compassionate Snyder,Não-binário,967.99,False,RO,01-08-2020
496,Intelligent Chaplygin,Não-binário,302.42,True,PI,15-11-2020
497,Kind Austin,Não-binário,527.98,False,SE,19-07-2021
498,Recursing Goldberg,Não-binário,18.33,True,MA,28-05-2022
499,Nostalgic Einstein,Feminino,679.69,True,AC,15-08-2020
500,Amazing Dirac,Feminino,877.81,True,AM,06-03-2020
501,Peaceful Easley,Feminino,260.94,False,DF,28-07-2024
502,Laughing Khorana,Feminino,141.69,True,RR,14-08-2024
503,Intelligent Mahavira,Feminino,397.00,True,SE,01-11-2023
504,Zealous Wescoff,Não-binário,835.72,True,AC,28-05-2024
505,Elastic Allen,Feminino,503.41,True,AC,06-01-2024
506,Dreamy Vaughan,Feminino,778.78,False,AM,25-04-2021
507,Practical Lalande,Feminino,218.85,True,MT,27-05-2023
508,Determined Gates,Feminino,122.57,True,MG,06-02-2024
509,Interesting Hamilton,Não-binário,1.40,False,AL,10-05-2024
510,Boring Gould,Não-binário,932.92,True,PB,09-06-2024
511,Brave Hellman,Feminino,699.06,True,MG,04-11-2024
512,Happy Pasteur,Não-binário,218.33,False,PR,02-11-2024
513,Focused Dubinsky,Feminino,500.56,True,AL,04-09-2020
514,Vigorous Proskuriakova,Não-binário,380.00,False,MS,14-08-2020
515,Intelligent Davinci,Não-binário,72.69,True,MA,14-02-2022
516,Adoring Yonath,Feminino,107.78,False,AC,17-09-2023
517,Naughty Golick,Não-binário,987.06,True,AL,10-01-2020
518,Boring Banach,Não-binário,589.71,True,PI,21-10-2024
519,Magical Hodgkin,Masculino,530.02,True,DF,29-10-2024
520,Stoic Johnson,Masculino,806.10,True,TO,16-11-2022
521,Epic Diffie,Feminino,646.25,True,MA,17-02-2022
522,Keen Johnson,Masculino,269.25,False,BA,23-07-2023
523,Zen Kalam,Feminino,653.93,False,MT,29-10-2023
524,Youthful Robinson,Não-binário,436.16,True,AP,11-02-2024
525,Adoring Kepler,Não-binário,226.24,False,RR,15-08-2024
526,Stupefied Turing,Feminino,291.73,False,SP,24-07-2023
527,Vigilant Varahamihira,Feminino,620.22,False,PB,19-12-2020
528,Great Neumann,Masculino,376.53,True,PA,19-11-2021
529,Friendly Galileo,Feminino,759.27,True,TO,16-05-2024
530,Hopeful Feynman,Masculino,556.66,True,MT,02-12-2024
531,Stoic Babbage,Feminino,558.80,True,MT,27-01-2020
532,Practical Davinci,Feminino,469.52,True,RN,01-06-2022
533,Compassionate Tesla,Masculino,869.99,True,AL,14-06-2023
534,Vigilant Bhabha,Feminino,316.54,True,PA,27-08-2021
535,Stupefied Lovelace,Masculino,918.24,False,AC,16-03-2024
536,Festive Greider,Feminino,569.94,False,PB,31-07-2024
537,Busy Clarke,Masculino,26.88,False,RR,05-03-2022
538,Ecstatic Jemison,Masculino,163.75,False,RJ,03-05-2022
539,Sharp Margulis,Não-binário,88.87,True,SE,27-07-2020
540,Gifted Hodgkin,Masculino,96.49,False,CE,23-10-2020
541,Tender Wilbur,Feminino,31.62,True,PA,28-01-2022
542,Admiring Blackwell,Não-binário,428.66,False,BA,18-11-2021
543,Funny Darwin,Masculino,692.65,False,TO,17-03-2020
544,Hardcore Zhukovsky,Masculino,809.50,True,PE,11-10-2020
545,Crazy Beaver,Masculino,268.31,False,ES,28-01-2021
546,Awesome Noyce,Feminino,603.52,True,RN,03-05-2023
547,Determined Visvesvaraya,Feminino,180.09,False,RJ,20-08-2024
548,Quizzical Bell,Feminino,633.67,True,AC,04-03-2020
549,Pedantic Nash,Masculino,184.48,True,GO,13-03-2023
550,Epic Thompson,Feminino,761.60,True,AP,06-05-2020
551,Elated Babbage,Feminino,95.10,True,TO,01-06-2022
552,Agitated Benz,Feminino,684.74,True,RJ,22-03-2021
553,Priceless Hermann,Não-binário,19.41,True,AL,19-05-2023
554,Optimistic Bartik,Masculino,986.25,True,AC,27-04-2020
555,Nice Lehmann,Masculino,84.83,True,MS,08-09-2023
556,Frosty Ptolemy,Feminino,698.37,True,RR,18-12-2024
557,Magical Turing,Feminino,800.46,True,RS,08-10-2020
558,Beautiful Goldberg,Masculino,8.49,True,RO,12-07-2024
559,Busy Lamport,Feminino,54.23,True,TO,21-03-2022
560,Kind Panini,Não-binário,550.59,False,MG,18-03-2024
561,Silly Einstein,Feminino,981.51,False,RN,25-02-2024
562,Quizzical Mclaren,Masculino,118.85,False,PB,12-04-2023
563,Interesting Dubinsky,Feminino,315.19,True,AC,19-07-2023
564,Serene Germain,Não-binário,127.14,True,BA,09-07-2021
565,Nostalgic Spence,Não-binário,135.02,True,AC,02-07-2022
566,Serene Bell,Não-binário,363.51,True,RS,08-01-2023
567,Quirky Hamilton,Masculino,433.97,True,PR,13-10-2022
568,Wonderful Mendel,Masculino,652.00,False,RN,04-03-2024
569,Flamboyant Ellis,Feminino,61.84,False,RR,14-10-2023
570,Competent Carver,Masculino,246.52,False,GO,26-01-2020
571,Eloquent Wilson,Não-binário,80.46,True,SP,17-10-2021
572,Peaceful Cerf,Não-binário,998.27,False,PA,31-05-2023
573,Xenodochial Poincare,Feminino,919.79,False,CE,27-07-2022
574,Exciting Rubin,Feminino,76.14,False,GO,07-10-2020
575,Clever Lovelace,Feminino,727.25,True,RR,15-07-2022
576,Vigorous Hopper,Não-binário,973.48,True,CE,08-12-2023
577,Practical Ramanujan,Masculino,68.14,False,PE,03-02-2021
578,Lucid Payne,Masculino,429.36,True,SP,03-12-2023
579,Practical Wilbur,Masculino,527.13,True,SE,30-09-2021
580,Magical Hugle,Feminino,937.91,False,RS,11-04-2022
581,Jovial Dirac,Não-binário,571.57,False,AC,30-05-2023
582,Musing Poitras,Masculino,370.89,False,PR,30-07-2024
583,Recursing Haibt,Não-binário,205.21,True,RS,14-07-2022
584,Youthful Napier,Não-binário,404.66,True,RN,06-05-2022
585,Condescending Feistel,Não-binário,318.30,False,AP,09-03-2020
586,Loving Heisenberg,Feminino,354.97,False,RS,23-12-2023
587,Focused Leavitt,Feminino,903.04,False,DF,13-03-2021
588,Frosty Sutherland,Masculino,922.07,False,RO,25-12-2023
589,Trusting Shockley,Masculino,478.08,False,MG,02-01-2021
590,Fervent Matsumoto,Feminino,239.99,False,RN,14-12-2023
591,Great Kowalevski,Feminino,704.15,False,SP,27-03-2022
592,Goofy Rubin,Não-binário,345.74,True,MG,06-05-2020
593,Practical Agnesi,Feminino,956.56,True,BA,09-06-2024
594,Condescending Faraday,Masculino,616.22,False,PB,23-04-2023
595,Upbeat Payne,Masculino,829.18,False,MG,13-08-2022
596,Hardcore Panini,Masculino,534.43,False,RS,20-05-2021
597,Ecstatic Ardinghelli,Não-binário,594.44,False,PE,22-12-2020
598,Happy Swirles,Feminino,529.68,True,RR,28-07-2024
599,Nice Mendel,Feminino,912.41,True,RO,10-04-2023
600,Eloquent Knuth,Feminino,156.62,True,RO,06-03-2020
601,Infallible Driscoll,Feminino,28.41,True,BA,03-03-2021
602,Priceless Chaum,Não-binário,175.04,False,RR,03-11-2023
603,Tender Goldstine,Não-binário,429.92,False,DF,25-04-2022
604,Quirky Sutherland,Masculino,863.65,False,GO,24-02-2024
605,Stupefied Perlman,Masculino,305.63,True,RO,10-03-2022
606,Sweet Hypatia,Não-binário,343.64,False,RR,23-11-2024
607,Busy Lovelace,Não-binário,468.08,True,PI,03-03-2021
608,Elastic Galois,Feminino,489.84,False,MS,13-05-2024
609,Magical Hofstadter,Masculino,683.44,True,PI,24-03-2020
610,Zen Pasteur,Não-binário,616.23,True,GO,27-08-2024
611,Stoic Swartz,Feminino,49.40,True,ES,18-01-2020
612,Nostalgic Swirles,Feminino,675.54,True,MS,31-08-2023
613,Keen Matsumoto,Não-binário,449.85,False,BA,22-12-2024
614,Bold Colden,Não-binário,270.14,True,SP,24-08-2024
615,Zealous Cannon,Masculino,408.88,True,AC,27-11-2023
616,Brave Haslett,Feminino,97.62,True,PE,24-09-2022
617,Busy Mayer,Masculino,753.84,False,RS,11-02-2020
618,Agitated Noether,Não-binário,113.06,False,PA,23-10-2023
619,Zealous Joliot,Masculino,494.41,False,ES,23-06-2023
620,Serene Wing,Não-binário,870.63,False,PB,30-09-2020
621,Silly Feynman,Não-binário,788.93,False,PE,07-05-2021
622,Great Goldberg,Não-binário,804.26,True,AM,03-10-2022
623,Amazing Davinci,Não-binário,23.51,True,TO,20-11-2021
624,Elegant Lalande,Masculino,571.86,False,SE,14-04-2023
625,Crazy Brattain,Masculino,355.56,False,AC,15-12-2023
626,Epic Kowalevski,Masculino,624.73,False,BA,22-09-2023
627,Festive Cray,Não-binário,442.18,True,MS,19-03-2021
628,Competent Cohen,Feminino,989.23,False,MS,06-07-2024
629,Compassionate Mendeleev,Masculino,344.81,False,MT,11-03-2021
630,Stupefied Sammet,Não-binário,731.39,False,MS,30-11-2021
631,Sleepy Cohen,Feminino,709.37,False,RO,13-04-2022
632,Nifty Booth,Não-binário,190.06,True,BA,12-05-2022
633,Admiring Panini,Não-binário,81.18,False,RJ,11-01-2022
634,Heuristic Rosalind,Feminino,739.85,True,DF,23-07-2020
635,Elated Wing,Masculino,695.10,False,MS,18-07-2024
636,Infallible Bell,Feminino,328.59,True,MA,12-03-2020
637,Stupefied Galois,Não-binário,6.18,False,RR,15-08-2020
638,Wonderful Robinson,Masculino,335.76,True,RS,10-10-2020
639,Intelligent Dewdney,Não-binário,780.04,False,DF,05-02-2024
640,Clever Ramanujan,Não-binário,685.14,False,SC,03-09-2021
641,Laughing Yalow,Não-binário,258.54,False,ES,02-03-2021
642,Mystifying Brown,Não-binário,573.06,False,RN,06-06-2022
643,Stupefied Mayer,Masculino,203.44,False,AL,13-04-2022
644,Angry Elgamal,Masculino,101.05,False,RO,24-02-2022
645,Exciting Ritchie,Feminino,360.80,False,TO,13-01-2023
646,Awesome Vaughan,Feminino,225.61,False,AP,25-06-2024
647,Cool Booth,Masculino,575.35,False,RS,20-07-2023
648,Hungry Ardinghelli,Feminino,869.22,True,MS,04-09-2020
649,Vigilant Shannon,Masculino,459.53,True,MG,28-01-2020
650,Pensive Raman,Masculino,161.62,False,AM,27-12-2024
651,Peaceful Heisenberg,Masculino,645.19,False,RS,14-08-2023
652,Angry Tu,Masculino,935.11,True,PB,11-04-2021
653,Dazzling Napier,Feminino,435.60,False,SC,31-07-2024
654,Nifty Mclean,Masculino,935.73,True,RN,24-05-2022
655,Friendly Nobel,Feminino,936.03,False,GO,02-02-2022
656,Quizzical Liskov,Masculino,283.06,False,PE,22-09-2024
657,Admiring Edison,Masculino,429.55,False,DF,21-04-2023
658,Elastic Borg,Masculino,231.82,False,MG,10-11-2023
659,Busy Pascal,Masculino,341.22,True,PA,16-09-2023
660,Blissful Herschel,Feminino,759.60,True,BA,27-06-2022
661,Eager Feynman,Não-binário,568.67,False,RS,16-01-2023
662,Nervous Feistel,Masculino,651.49,False,SE,31-10-2022
663,Agitated Solomon,Não-binário,269.77,False,PI,07-08-2020
664,Reverent Yalow,Não-binário,961.07,False,GO,03-07-2023
665,Priceless Booth,Masculino,762.21,False,PA,27-01-2020
666,Loving Noether,Não-binário,992.88,True,PE,11-03-2022
667,Optimistic Goodall,Feminino,22.94,False,PE,09-08-2021
668,Laughing Jang,Feminino,895.13,True,MG,03-10-2021
669,Affectionate Heisenberg,Não-binário,554.75,True,SC,22-08-2022
670,Boring Perlman,Não-binário,288.21,True,RO,27-01-2023
671,Lucid Jennings,Masculino,808.66,True,MS,24-06-2021
672,Competent Pasteur,Não-binário,55.63,False,RR,27-07-2021
673,Mystifying Mccarthy,Masculino,397.87,True,RN,07-04-2023
674,Epic Montalcini,Masculino,378.46,True,AC,23-08-2020
675,Optimistic Ramanujan,Feminino,472.22,True,CE,01-07-2022
676,Nice Ganguly,Não-binário,883.25,False,PI,17-05-2023
677,Blissful Noether,Não-binário,918.16,False,RR,16-12-2020
678,Focused Wozniak,Não-binário,61.28,True,RJ,16-07-2024
679,Peaceful Sutherland,Masculino,567.03,True,MT,22-04-2024
680,Admiring Ritchie,Masculino,171.68,True,PI,09-06-2021
681,Optimistic Lehmann,Masculino,575.85,False,TO,05-11-2024
682,Trusting Vaughan,Não-binário,712.59,False,MG,11-12-2023
683,Infallible Albattani,Não-binário,741.57,True,MG,12-04-2022
684,Great Lovelace,Feminino,266.19,False,BA,11-11-2020
685,Wonderful Almeida,Não-binário,262.98,False,RR,01-12-2020
686,Sweet Franklin,Masculino,494.84,True,RO,09-02-2023
687,Upbeat Robinson,Masculino,12.51,True,CE,20-05-2023
688,Lucid Lovelace,Não-binário,250.17,True,TO,19-05-2021
689,Lucid Tereshkova,Não-binário,792.50,True,SP,02-03-2023
690,Dreamy Visvesvaraya,Masculino,396.04,True,AM,06-04-2024
691,Xenodochial Wiles,Masculino,740.07,False,MS,11-11-2020
692,Magical Napier,Não-binário,764.69,True,CE,13-04-2022
693,Condescending Mccarthy,Feminino,685.91,True,MS,01-04-2020
694,Objective Villani,Masculino,655.63,False,CE,17-05-2023
695,Amazing Shamir,Masculino,693.27,False,ES,13-03-2022
696,Kind Allen,Feminino,194.22,False,PA,09-01-2022
697,Trusting Napier,Não-binário,286.76,True,RN,31-03-2024
698,Friendly Kepler,Masculino,480.56,False,AC,07-11-2021
699,Dreamy Chatterjee,Masculino,699.14,False,AP,01-09-2022
700,Wonderful Vaughan,Feminino,176.45,False,TO,13-09-2022
701,Gifted Herschel,Feminino,257.78,True,AP,10-01-2021
702,Brave Shockley,Masculino,709.28,False,SC,08-02-2021
703,Practical Goldstine,Feminino,43.05,False,RR,20-04-2024
704,Intelligent Burnell,Feminino,962.26,True,PB,12-12-2020
705,Zen Rhodes,Masculino,772.04,False,RR,18-08-2024
706,Loving Spence,Masculino,446.18,True,MA,14-10-2020
707,Optimistic Sanderson,Masculino,993.59,True,RO,27-04-2024
708,Funny Borg,Não-binário,860.34,False,AM,05-04-2022
709,Elegant Curran,Não-binário,12.34,False,MS,21-04-2023
710,Blissful Ride,Feminino,64.05,False,RR,16-11-2022
711,Sleepy Liskov,Não-binário,330.44,False,TO,30-11-2022
712,Affectionate Rubin,Não-binário,334.80,False,TO,19-02-2020
713,Intelligent Wing,Feminino,480.39,False,AC,09-07-2020
714,Relaxed Moser,Não-binário,562.59,True,RJ,06-04-2022
715,Youthful Gould,Masculino,226.53,False,GO,22-07-2021
716,Zealous Torvalds,Não-binário,411.83,False,AC,28-08-2023
717,Charming Villani,Masculino,65.12,True,MS,05-06-2022
718,Admiring Khayyam,Masculino,549.83,True,PI,14-08-2021
719,Zen Gould,Feminino,704.53,True,AL,31-05-2022
720,Dazzling Grothendieck,Não-binário,44.45,False,TO,21-07-2020
721,Gracious Dhawan,Não-binário,518.41,True,DF,08-07-2022
722,Jovial Cray,Masculino,670.59,True,AP,26-05-2020
723,Agitated Rhodes,Feminino,868.13,False,AL,07-09-2023
724,Tender Knuth,Não-binário,777.47,False,PA,13-06-2024
725,Objective Elion,Feminino,117.42,False,CE,08-09-2020
726,Vibrant Yalow,Não-binário,513.23,False,BA,06-11-2024
727,Keen Brahmagupta,Feminino,140.88,True,AM,26-03-2020
728,Ecstatic Mclaren,Masculino,79.73,False,SE,21-12-2021
729,Romantic Ride,Masculino,146.52,False,RS,18-02-2023
730,Busy Greider,Masculino,682.13,True,SC,19-10-2022
731,Sad Bhabha,Feminino,453.76,True,DF,19-01-2023
732,Hopeful Cerf,Feminino,719.60,True,PE,20-10-2021
733,Sharp Varahamihira,Masculino,492.72,False,SC,01-04-2020
734,Zealous Shirley,Feminino,291.20,False,MG,29-08-2022
735,Condescending Cartwright,Feminino,561.88,False,PB,16-12-2022
736,Friendly Ride,Masculino,124.94,True,MG,02-11-2024
737,Practical Bhaskara,Não-binário,132.02,False,PA,13-12-2022
738,Elastic Chaum,Masculino,594.44,True,RR,25-04-2021
739,Silly Pare,Masculino,313.91,False,PR,05-12-2023
740,Beautiful Neumann,Feminino,674.93,False,MA,06-05-2021
741,Objective Curie,Não-binário,721.91,True,RO,03-08-2024
742,Angry Wright,Não-binário,448.30,False,ES,07-10-2023
743,Stoic Euler,Feminino,869.47,True,MT,22-03-2021
744,Loving Shirley,Não-binário,805.57,True,PE,13-11-2023
745,Pedantic Raman,Feminino,948.38,True,PI,15-02-2023
746,Elated Colden,Não-binário,872.17,False,PR,14-05-2021
747,Ecstatic Williams,Feminino,131.10,True,MT,23-01-2020
748,Elegant Burnell,Não-binário,258.94,True,MT,16-06-2022
749,Zen Shannon,Masculino,396.66,False,CE,13-12-2024
750,Amazing Tereshkova,Não-binário,97.34,False,PB,12-10-2020
751,Festive Lamarr,Não-binário,164.71,False,RJ,12-11-2023
752,Determined Mendeleev,Não-binário,659.53,True,RO,13-03-2021
753,Eager Elion,Masculino,202.97,True,CE,20-07-2022
754,Zealous Davinci,Feminino,290.45,False,PB,20-12-2020
755,Heuristic Colden,Masculino,180.81,False,CE,19-11-2024
756,Unruffled Tereshkova,Não-binário,655.14,False,RO,26-04-2022
757,Xenodochial Ptolemy,Feminino,353.95,False,SC,03-02-2021
758,Competent Neumann,Masculino,835.45,False,BA,20-02-2024
759,Busy Mcnulty,Masculino,268.12,True,GO,25-01-2023
760,Admiring Margulis,Masculino,570.18,False,AC,29-12-2021
761,Dreamy Snyder,Feminino,611.89,True,PR,28-07-2021
762,Elegant Dhawan,Masculino,537.17,True,AM,12-10-2022
763,Silly Jang,Não-binário,573.40,True,AC,26-06-2022
764,Trusting Cohen,Não-binário,515.69,True,CE,27-12-2022
765,Peaceful Zhukovsky,Feminino,838.55,False,BA,11-06-2020
766,Elated Antonelli,Feminino,66.77,True,SP,28-02-2023
767,Affectionate Keller,Feminino,6.85,True,PE,08-08-2023
768,Practical Meninsky,Masculino,368.14,True,DF,11-08-2020
769,Cool Brown,Não-binário,205.20,True,PR,30-12-2020
770,Affectionate Wright,Não-binário,316.84,False,AC,26-08-2020
771,Adoring Bell,Masculino,298.02,False,CE,23-01-2024
772,Sweet Payne,Não-binário,652.64,False,SP,23-07-2024
773,Jolly Rubin,Não-binário,645.24,True,AM,01-03-2023
774,Elated Mahavira,Masculino,467.30,True,PI,19-11-2023
775,Great Davinci,Masculino,380.39,False,RO,08-04-2020
776,Practical Nash,Feminino,76.24,False,MT,17-05-2022
777,Admiring Fermat,Masculino,492.54,True,GO,28-10-2020
778,Pedantic Goldwasser,Não-binário,569.07,False,MG,16-09-2022
779,Flamboyant Colden,Não-binário,482.32,False,DF,20-07-2024
780,Focused Ritchie,Masculino,70.93,True,SC,10-11-2022
781,Funny Leakey,Não-binário,554.08,True,AC,25-03-2023
782,Lucid Kowalevski,Não-binário,622.10,False,GO,06-07-2020
783,Competent Noether,Masculino,839.33,False,AP,10-02-2020
784,Angry Mendel,Masculino,932.53,True,AC,27-08-2020
785,Naughty Davinci,Não-binário,13.34,False,TO,28-12-2024
786,Relaxed Ride,Feminino,946.58,False,MT,14-05-2024
787,Laughing Mccarthy,Masculino,223.16,True,PR,05-09-2022
788,Youthful Colden,Feminino,420.10,True,MT,29-10-2024
789,Gallant Heisenberg,Não-binário,919.44,False,PI,29-10-2020
790,Cranky Hamilton,Feminino,949.58,False,AP,05-03-2020
791,Quizzical Rubin,Masculino,837.63,True,MG,21-11-2024
792,Hungry Neumann,Não-binário,759.53,False,RO,01-05-2020
793,Laughing Torvalds,Masculino,550.81,False,MA,23-10-2021
794,Elastic Cerf,Não-binário,914.76,True,RN,29-11-2020
795,Affectionate Blackburn,Masculino,796.06,True,AL,19-01-2020
796,Frosty Hofstadter,Feminino,270.25,True,AM,07-02-2021
797,Stupefied Yonath,Não-binário,375.52,False,PI,17-03-2022
798,Bold Pare,Feminino,258.14,False,RR,25-11-2022
799,Goofy Goodall,Não-binário,780.51,False,BA,27-05-2022
800,Hopeful Joliot,Feminino,299.27,False,MS,02-05-2023
801,Tender Goodall,Feminino,497.29,False,MA,21-06-2024
802,Charming Ganguly,Masculino,113.27,True,PE,29-06-2024
803,Priceless Jones,Não-binário,370.42,True,PR,13-03-2021
804,Gifted Galois,Masculino,19.26,True,AC,27-12-2021
805,Stupefied Sutherland,Masculino,1000.99,True,PI,04-06-2023
806,Keen Rubin,Não-binário,567.23,False,PA,26-03-2024
807,Admiring Jackson,Feminino,52.10,True,MT,08-03-2022
808,Confident Black,Masculino,808.63,False,PB,17-01-2021
809,Wonderful Curie,Não-binário,79.61,False,RJ,21-09-2024
810,Heuristic Wright,Masculino,78.15,False,PE,20-09-2022
811,Eager Khorana,Masculino,167.61,False,RN,30-10-2023
812,Determined Panini,Não-binário,763.69,True,DF,19-09-2021
813,Hardcore Feynman,Feminino,801.40,True,RO,25-05-2024
814,Eager Maxwell,Feminino,516.68,False,RO,09-02-2024
815,Affectionate Kalam,Feminino,216.35,True,MG,05-03-2022
816,Confident Wiles,Feminino,392.84,True,MS,18-05-2022
817,Angry Benz,Feminino,647.84,True,RS,27-10-2020
818,Sweet Edison,Masculino,512.98,False,BA,07-04-2021
819,Unruffled Golick,Não-binário,611.94,True,ES,22-03-2024
820,Romantic Taussig,Masculino,21.93,True,ES,18-05-2022
821,Loving Cohen,Não-binário,863.24,True,PA,14-03-2023
822,Busy Mcnulty,Não-binário,866.62,False,SC,12-10-2021
823,Great Wescoff,Masculino,399.11,True,MS,18-06-2022
824,Vigilant Goldberg,Masculino,720.97,False,PE,04-09-2022
825,Trusting Kepler,Feminino,936.77,False,RO,11-01-2023
826,Thirsty Vaughan,Não-binário,560.01,True,ES,18-08-2024
827,Competent Elion,Masculino,961.38,False,PR,23-09-2021
828,Hardcore Germain,Não-binário,194.68,False,PB,08-01-2022
829,Clever Faraday,Não-binário,144.63,True,PI,19-09-2022
830,Gracious Blackburn,Não-binário,950.09,False,PE,04-02-2023
831,Exciting Poincare,Feminino,868.77,True,DF,25-05-2023
832,Optimistic Lichterman,Masculino,46.98,False,MT,23-08-2022
833,Strange Jang,Não-binário,273.03,True,RN,04-02-2021
834,Xenodochial Gould,Masculino,462.11,False,RS,26-07-2023
835,Nice Ganguly,Não-binário,957.75,True,RR,18-08-2023
836,Festive Mclaren,Não-binário,798.13,False,GO,23-12-2024
837,Upbeat Brattain,Masculino,906.59,False,DF,12-08-2020
838,Stoic Shtern,Masculino,812.65,True,RO,05-02-2021
839,Boring Wu,Masculino,884.11,True,RR,06-12-2021
840,Fervent Hermann,Feminino,162.09,False,AL,23-04-2024
841,Zealous Montalcini,Masculino,544.95,True,RO,14-01-2021
842,Angry Black,Não-binário,688.06,True,RR,30-10-2023
843,Reverent Edison,Feminino,61.39,False,PI,22-05-2024
844,Jolly Cannon,Feminino,672.53,True,SE,04-02-2024
845,Gifted Moore,Feminino,304.68,True,SE,21-08-2020
846,Agitated Fermat,Feminino,622.45,True,RS,27-11-2022
847,Confident Meninsky,Feminino,534.20,False,ES,10-06-2021
848,Admiring Mcnulty,Feminino,676.89,True,AL,15-06-2020
849,Festive Mestorf,Não-binário,239.98,False,AL,05-03-2024
850,Nice Napier,Feminino,447.96,False,MG,09-03-2022
851,Romantic Varahamihira,Não-binário,1.84,True,AC,28-08-2024
852,Stoic Davinci,Não-binário,691.70,True,RR,07-12-2023
853,Jovial Tu,Masculino,24.07,False,AP,30-10-2021
854,Focused Kirch,Masculino,210.10,False,CE,05-12-2023
855,Mystifying Hermann,Não-binário,850.86,True,DF,26-11-2024
856,Stupefied Aryabhata,Feminino,479.41,False,DF,23-12-2023
857,Frosty Raman,Masculino,485.59,False,MS,24-02-2020
858,Magical Lamport,Não-binário,666.16,True,RR,26-08-2023
859,Wonderful Williams,Não-binário,23.77,False,PE,12-12-2024
860,Epic Grothendieck,Masculino,112.42,False,CE,27-10-2023
861,Stoic Goodall,Não-binário,319.73,False,ES,10-01-2023
862,Crazy Saha,Feminino,956.31,False,PA,22-11-2020
863,Epic Kapitsa,Feminino,884.46,True,RN,09-10-2022
864,Awesome Pasteur,Feminino,165.56,False,AP,16-09-2023
865,Zen Cannon,Masculino,319.22,False,SC,21-06-2020
866,Heuristic Galois,Masculino,458.60,False,ES,26-11-2024
867,Flamboyant Jepsen,Feminino,494.99,False,PB,18-06-2024
868,Competent Mclaren,Não-binário,805.49,False,RS,01-10-2024
869,Trusting Mayer,Feminino,302.97,True,MS,06-07-2022
870,Confident Vaughan,Masculino,61.02,True,RS,20-12-2021
871,Awesome Leavitt,Não-binário,898.95,True,RN,02-10-2024
872,Dazzling Dewdney,Masculino,145.86,False,DF,08-07-2020
873,Gifted Bhabha,Feminino,865.96,False,RO,07-02-2021
874,Nifty Boyd,Não-binário,292.20,False,MA,19-02-2023
875,Recursing Goldberg,Não-binário,830.93,True,PE,29-07-2024
876,Eloquent Gould,Feminino,943.83,True,AM,23-08-2022
877,Great Hertz,Masculino,59.15,False,PA,25-04-2023
878,Pensive Stonebraker,Feminino,845.76,True,PI,08-05-2021
879,Boring Goldberg,Masculino,656.99,True,MT,30-10-2021
880,Lucid Satoshi,Feminino,821.93,True,RO,04-07-2022
881,Tender Bardeen,Feminino,200.00,False,PE,11-08-2020
882,Modest Franklin,Feminino,72.56,False,AM,28-11-2021
883,Nice Curie,Não-binário,34.50,False,PI,27-04-2023
884,Xenodochial Benz,Não-binário,907.55,False,ES,14-09-2020
885,Vigorous Leakey,Não-binário,426.51,True,RN,20-04-2022
886,Upbeat Haibt,Masculino,403.26,False,RN,06-09-2023
887,Naughty Sanderson,Masculino,980.55,False,MT,28-01-2022
888,Recursing Panini,Masculino,813.85,False,PI,11-03-2022
889,Clever Wescoff,Masculino,304.46,True,MS,08-02-2024
890,Inspiring Darwin,Não-binário,523.55,False,BA,10-12-2022
891,Nice Greider,Feminino,69.14,False,MT,02-10-2023
892,Competent Benz,Não-binário,816.83,False,MG,14-11-2022
893,Vigorous Satoshi,Masculino,504.82,True,BA,01-01-2021
894,Peaceful Cohen,Feminino,20.16,True,DF,14-02-2020
895,Upbeat Yonath,Feminino,27.12,True,RO,22-08-2024
896,Bold Wu,Masculino,616.94,True,MS,10-01-2022
897,Eager Faraday,Não-binário,374.08,False,RR,13-07-2023
898,Jovial Bell,Não-binário,346.28,False,AM,31-05-2024
899,Cool Wilbur,Não-binário,852.60,True,CE,15-11-2021
900,Romantic Roentgen,Feminino,582.03,True,RS,16-11-2023
901,Elegant Joliot,Feminino,756.06,False,BA,17-11-2022
902,Eager Clarke,Feminino,752.05,False,RO,08-08-2021
903,Goofy Sanderson,Não-binário,676.99,True,PI,28-02-2024
904,Suspicious Lederberg,Masculino,25.08,True,BA,13-02-2024
905,Xenodochial Ramanujan,Não-binário,595.77,False,TO,03-08-2021
906,Crazy Blackburn,Masculino,862.04,True,AC,28-10-2021
907,Unruffled Elbakyan,Feminino,397.84,True,MT,26-01-2020
908,Competent Mclaren,Masculino,679.17,True,AP,23-12-2024
909,Agitated Meitner,Feminino,555.35,True,MA,08-01-2023
910,Interesting Pare,Não-binário,7.35,False,PI,07-01-2021
911,Awesome Bohr,Masculino,484.53,False,RO,13-02-2021
912,Amazing Shtern,Feminino,258.49,True,GO,13-08-2022
913,Goofy Proskuriakova,Masculino,20.58,False,AP,19-06-2024
914,Gifted Germain,Feminino,550.44,True,TO,02-12-2024
915,Jolly Archimedes,Não-binário,594.79,True,PB,17-11-2020
916,Happy Leavitt,Masculino,268.82,True,RJ,26-03-2023
917,Practical Mahavira,Feminino,592.12,False,CE,30-09-2020
918,Exciting Cori,Masculino,387.24,False,RN,22-07-2021
919,Elastic Zhukovsky,Feminino,984.86,True,TO,06-07-2024
920,Trusting Lalande,Masculino,924.72,False,AP,11-08-2021
921,Kind Black,Masculino,413.26,True,SC,21-08-2020
922,Festive Chatterjee,Não-binário,377.19,True,RJ,31-07-2021
923,Blissful Gagarin,Feminino,863.98,True,PA,24-08-2020
924,Zen Clarke,Feminino,525.26,True,ES,16-05-2021
925,Xenodochial Zhukovsky,Feminino,548.26,True,RJ,25-05-2021
926,Amazing Fermat,Não-binário,929.05,True,AL,13-12-2021
927,Upbeat Benz,Não-binário,507.66,True,RO,06-04-2023
928,Practical Wing,Feminino,475.04,False,CE,04-04-2024
929,Intelligent Nash,Não-binário,587.74,True,AM,21-01-2021
930,Dreamy Heisenberg,Feminino,935.72,True,RN,15-08-2021
931,Zen Nightingale,Feminino,210.75,True,MA,18-12-2023
932,Jovial Colden,Não-binário,75.02,True,RO,31-01-2020
933,Charming Kepler,Não-binário,390.39,True,AL,14-08-2024
934,Peaceful Antonelli,Masculino,628.20,True,PB,09-05-2021
935,Practical Tharp,Feminino,395.56,False,AP,21-08-2021
936,Distracted Goldstine,Feminino,522.76,True,TO,27-05-2022
937,Condescending Montalcini,Não-binário,418.55,False,SP,28-02-2023
938,Reverent Chatelet,Masculino,316.75,False,BA,25-08-2022
939,Jovial Pike,Não-binário,666.85,True,BA,10-11-2022
940,Stupefied Aryabhata,Feminino,541.94,False,MS,03-08-2021
941,Mystifying Williamson,Não-binário,976.45,True,AC,16-08-2022
942,Dreamy Diffie,Masculino,180.71,True,MT,04-09-2024
943,Pedantic Agnesi,Masculino,377.44,True,MS,03-06-2021
944,Wizardly Goldberg,Não-binário,529.58,False,SE,31-08-2021
945,Recursing Driscoll,Masculino,294.06,True,AP,14-10-2023
946,Optimistic Banzai,Feminino,315.94,True,GO,22-02-2023
947,Nifty Pascal,Masculino,310.95,True,RS,08-11-2023
948,Tender Sanderson,Não-binário,203.16,False,RS,27-07-2021
949,Suspicious Swirles,Feminino,550.21,True,AP,10-05-2022
950,Elastic Blackburn,Não-binário,678.20,True,RO,12-09-2024
951,Sad Feistel,Feminino,151.37,True,PA,13-06-2020
952,Musing Elbakyan,Masculino,126.77,False,PE,13-04-2020
953,Friendly Jepsen,Masculino,58.68,False,PA,13-07-2022
954,Sleepy Napier,Não-binário,547.96,True,RR,01-04-2024
955,Nifty Swanson,Masculino,769.39,True,CE,24-12-2021
956,Vigorous Bohr,Não-binário,968.30,True,BA,07-06-2021
957,Elegant Cannon,Masculino,65.76,False,AM,08-07-2022
958,Keen Germain,Feminino,356.74,True,PR,01-06-2022
959,Hardcore Gauss,Masculino,97.68,True,TO,12-07-2022
960,Cranky Matsumoto,Masculino,273.07,False,RS,04-07-2023
961,Loving Mcclintock,Feminino,135.48,False,BA,23-12-2022
962,Amazing Kepler,Masculino,845.46,True,ES,13-03-2024
963,Exciting Bartik,Feminino,781.51,False,GO,07-10-2020
964,Sleepy Cray,Não-binário,260.26,False,ES,23-11-2024
965,Crazy Hodgkin,Não-binário,292.49,False,ES,18-01-2022
966,Exciting Mclean,Masculino,367.25,True,SP,12-01-2021
967,Nifty Greider,Não-binário,228.14,False,DF,04-12-2020
968,Confident Dubinsky,Feminino,528.41,False,AL,23-03-2021
969,Strange Buck,Não-binário,354.52,True,PA,25-07-2021
970,Sleepy Pike,Masculino,353.31,True,RO,28-10-2024
971,Sweet Rhodes,Feminino,690.54,True,SP,16-03-2022
972,Zen Einstein,Não-binário,290.88,False,BA,22-01-2022
973,Upbeat Mahavira,Não-binário,958.09,True,RS,17-09-2022
974,Relaxed Jackson,Não-binário,829.44,False,MA,21-07-2024
975,Charming Easley,Feminino,126.76,False,PR,07-01-2024
976,Modest Sammet,Não-binário,721.91,False,RR,03-06-2021
977,Modest Boyd,Masculino,284.71,True,MG,05-09-2020
978,Elated Taussig,Não-binário,417.71,True,MG,28-06-2021
979,Practical Cartwright,Feminino,757.51,True,SE,22-11-2023
980,Fervent Ride,Não-binário,348.46,True,RN,05-10-2024
981,Peaceful Jackson,Não-binário,137.87,False,PE,04-11-2022
982,Lucid Heisenberg,Masculino,30.12,True,AC,26-06-2022
983,Laughing Hugle,Masculino,773.29,True,AL,21-04-2020
984,Naughty Ride,Masculino,91.80,False,TO,18-04-2021
985,Elegant Heisenberg,Feminino,942.64,False,AC,18-05-2020
986,Jovial Feynman,Feminino,382.03,False,SC,30-11-2023
987,Stoic Jemison,Feminino,847.23,False,MS,01-04-2020
988,Competent Franklin,Não-binário,628.01,True,SC,08-09-2023
989,Xenodochial Panini,Não-binário,212.04,False,SP,18-10-2020
990,Elastic Mccarthy,Não-binário,48.61,False,AL,10-04-2020
991,Kind Proskuriakova,Masculino,189.27,False,RN,30-07-2024
992,Objective Nobel,Masculino,278.08,True,AP,10-11-2020
993,Wizardly Hopper,Não-binário,774.00,True,RR,08-10-2024
994,Nostalgic Elbakyan,Não-binário,387.78,True,DF,13-04-2023
995,Friendly Liskov,Masculino,467.93,False,AL,18-10-2024
996,Brave Murdock,Masculino,567.78,True,CE,02-11-2024
997,Cranky Ride,Masculino,765.58,True,MG,13-08-2021
998,Reverent Jennings,Masculino,858.99,False,RN,20-04-2022
999,Vibrant Goodall,Não-binário,504.30,False,MG,03-07-2020
1000,Exciting Feynman,Feminino,750.69,True,PI,03-06-2021
